{
  "T": [
    [
      0.30510449409484863,
      -0.01602618396282196,
      -0.03250237926840782,
      0.49362993240356445
    ],
    [
      -0.014023788273334503,
      -0.30631551146507263,
      0.019393915310502052,
      0.5120278596878052
    ],
    [
      -0.033415209501981735,
      -0.01777503825724125,
      -0.30490896105766296,
      1.817655086517334
    ],
    [
      0.0,
      0.0,
      0.0,
      1.0
    ]
  ],
  "_scale_redundant": 0.3072490745548723
}