{
  "T": [
    [
      0.1845189481973648,
      0.04167526960372925,
      0.002507072174921632,
      -0.2374393790960312
    ],
    [
      0.04055408388376236,
      -0.18160763382911682,
      0.034123215824365616,
      0.4424211382865906
    ],
    [
      0.00992368534207344,
      -0.03274444118142128,
      -0.1860637366771698,
      1.679502248764038
    ],
    [
      0.0,
      0.0,
      0.0,
      1.0
    ]
  ],
  "_scale_redundant": 0.18918342779734934
}