{
  "T": [
    [
      0.28801029920578003,
      0.03937540948390961,
      0.01160885114222765,
      -0.049096882343292236
    ],
    [
      0.03537990152835846,
      -0.27981406450271606,
      0.07132639735937119,
      0.54137122631073
    ],
    [
      0.02081948332488537,
      -0.06920095533132553,
      -0.28180286288261414,
      1.738992691040039
    ],
    [
      0.0,
      0.0,
      0.0,
      1.0
    ]
  ],
  "_scale_redundant": 0.2909211235970661
}