{
  "T": [
    [
      0.2929646968841553,
      0.02043628878891468,
      -0.024493355304002762,
      0.09392531216144562
    ],
    [
      0.028170403093099594,
      -0.27191221714019775,
      0.11007314175367355,
      0.7978954911231995
    ],
    [
      -0.014966443181037903,
      -0.11176775395870209,
      -0.27226799726486206,
      1.7705345153808594
    ],
    [
      0.0,
      0.0,
      0.0,
      1.0
    ]
  ],
  "_scale_redundant": 0.29469627841279933
}