{
  "T": [
    [
      0.16521650552749634,
      0.24966824054718018,
      -0.29530102014541626,
      0.055422283709049225
    ],
    [
      0.3763286769390106,
      -0.17768236994743347,
      0.06032509729266167,
      0.5078703761100769
    ],
    [
      -0.08895869553089142,
      -0.28797248005867004,
      -0.29324325919151306,
      1.7611899375915527
    ],
    [
      0.0,
      0.0,
      0.0,
      1.0
    ]
  ],
  "_scale_redundant": 0.42051565147990105
}