{
  "T": [
    [
      0.29103171825408936,
      0.004499269183725119,
      -0.05561178922653198,
      -0.03130889683961868
    ],
    [
      0.01860222965478897,
      -0.28629085421562195,
      0.0741882249712944,
      0.33447733521461487
    ],
    [
      -0.05260106176137924,
      -0.07635242491960526,
      -0.28145304322242737,
      1.6929525136947632
    ],
    [
      0.0,
      0.0,
      0.0,
      1.0
    ]
  ],
  "_scale_redundant": 0.2963315398124293
}