{
  "T": [
    [
      0.27380794286727905,
      0.06217179819941521,
      -0.023685265332460403,
      0.005917221307754517
    ],
    [
      0.0658680647611618,
      -0.26744282245635986,
      0.059437982738018036,
      0.12575848400592804
    ],
    [
      -0.00936594046652317,
      -0.06329411268234253,
      -0.27441444993019104,
      1.695887804031372
    ],
    [
      0.0,
      0.0,
      0.0,
      1.0
    ]
  ],
  "_scale_redundant": 0.2817749745007821
}