{
  "T": [
    [
      0.34860461950302124,
      0.0387389212846756,
      -0.05456562712788582,
      -0.8897339701652527
    ],
    [
      0.04641759768128395,
      -0.3484722971916199,
      0.049150947481393814,
      -0.15931826829910278
    ],
    [
      -0.048202890902757645,
      -0.05540494993329048,
      -0.3472895324230194,
      1.713837742805481
    ],
    [
      0.0,
      0.0,
      0.0,
      1.0
    ]
  ],
  "_scale_redundant": 0.3549694305368183
}