{
  "T": [
    [
      0.3157378137111664,
      0.02356703393161297,
      0.007870187051594257,
      0.40709972381591797
    ],
    [
      0.020918631926178932,
      -0.30627068877220154,
      0.07790002226829529,
      0.7419876456260681
    ],
    [
      0.013407301157712936,
      -0.07714011520147324,
      -0.3068833649158478,
      1.6459219455718994
    ],
    [
      0.0,
      0.0,
      0.0,
      1.0
    ]
  ],
  "_scale_redundant": 0.3167139625021448
}