{
  "T": [
    [
      0.28277695178985596,
      -0.013141480274498463,
      0.023737488314509392,
      -0.12647677958011627
    ],
    [
      -0.024921147152781487,
      -0.2240733802318573,
      0.17282654345035553,
      0.32176312804222107
    ],
    [
      0.010728632099926472,
      -0.17411887645721436,
      -0.22420184314250946,
      1.7559311389923096
    ],
    [
      0.0,
      0.0,
      0.0,
      1.0
    ]
  ],
  "_scale_redundant": 0.2840756248476467
}