{
  "T": [
    [
      0.24367837607860565,
      0.23747089505195618,
      -0.05928437039256096,
      -0.7986505031585693
    ],
    [
      0.22558659315109253,
      -0.1854458749294281,
      0.18440917134284973,
      0.023933008313179016
    ],
    [
      0.09496185183525085,
      -0.16883017122745514,
      -0.2859455347061157,
      1.5810285806655884
    ],
    [
      0.0,
      0.0,
      0.0,
      1.0
    ]
  ],
  "_scale_redundant": 0.34537837627264084
}