{
  "T": [
    [
      0.277911901473999,
      -0.07357577979564667,
      0.06118271127343178,
      0.1768001914024353
    ],
    [
      -0.08619001507759094,
      -0.27410709857940674,
      0.06187353655695915,
      -0.08141869306564331
    ],
    [
      0.04156921058893204,
      -0.07644382119178772,
      -0.28074920177459717,
      1.6908947229385376
    ],
    [
      0.0,
      0.0,
      0.0,
      1.0
    ]
  ],
  "_scale_redundant": 0.2939247469412426
}