{
  "T": [
    [
      0.3511606752872467,
      0.14928370714187622,
      0.0022390789818018675,
      -0.010009348392486572
    ],
    [
      0.13603322207927704,
      -0.32227814197540283,
      0.1524346023797989,
      0.6174148321151733
    ],
    [
      0.0615270771086216,
      -0.13948388397693634,
      -0.34980443120002747,
      1.670803427696228
    ],
    [
      0.0,
      0.0,
      0.0,
      1.0
    ]
  ],
  "_scale_redundant": 0.38158156841490454
}