{
  "T": [
    [
      0.3056306540966034,
      0.08998728543519974,
      0.03190231695771217,
      -1.2695386409759521
    ],
    [
      0.06364480406045914,
      -0.2717786431312561,
      0.156879723072052,
      0.27581098675727844
    ],
    [
      0.0711674764752388,
      -0.14340220391750336,
      -0.2773022949695587,
      1.8012784719467163
    ],
    [
      0.0,
      0.0,
      0.0,
      1.0
    ]
  ],
  "_scale_redundant": 0.3201961222645375
}