{
  "T": [
    [
      0.18924273550510406,
      -0.07414062321186066,
      0.04484015703201294,
      0.0809365063905716
    ],
    [
      -0.08585389703512192,
      -0.17497892677783966,
      0.07301900535821915,
      0.27409234642982483
    ],
    [
      0.011686665937304497,
      -0.08488719165325165,
      -0.1896783709526062,
      1.7219852209091187
    ],
    [
      0.0,
      0.0,
      0.0,
      1.0
    ]
  ],
  "_scale_redundant": 0.2081352718026091
}