{
  "T": [
    [
      0.16685965657234192,
      0.10802267491817474,
      -0.08858083188533783,
      0.6454352140426636
    ],
    [
      0.13944271206855774,
      -0.12045560777187347,
      0.11577470600605011,
      0.06360767781734467
    ],
    [
      0.008437884040176868,
      -0.1455305814743042,
      -0.16157740354537964,
      1.6732333898544312
    ],
    [
      0.0,
      0.0,
      0.0,
      1.0
    ]
  ],
  "_scale_redundant": 0.21761802803438232
}