{
  "T": [
    [
      0.17735204100608826,
      -0.0787082090973854,
      0.027878671884536743,
      -0.289064884185791
    ],
    [
      -0.0834936574101448,
      -0.16637484729290009,
      0.06143426522612572,
      -0.27798014879226685
    ],
    [
      -0.001005333149805665,
      -0.06745649874210358,
      -0.18405039608478546,
      1.6533193588256836
    ],
    [
      0.0,
      0.0,
      0.0,
      1.0
    ]
  ],
  "_scale_redundant": 0.19602536976453805
}