{
  "T": [
    [
      0.10595208406448364,
      0.030104495584964752,
      -0.005691982340067625,
      -0.20513153076171875
    ],
    [
      0.02967740409076214,
      -0.095753513276577,
      0.045989569276571274,
      0.23873364925384521
    ],
    [
      0.007611237000674009,
      -0.045711126178503036,
      -0.10008541494607925,
      1.688196063041687
    ],
    [
      0.0,
      0.0,
      0.0,
      1.0
    ]
  ],
  "_scale_redundant": 0.11029290670108997
}