{
  "T": [
    [
      0.16006456315517426,
      0.03637394681572914,
      0.03522159159183502,
      -0.05251189321279526
    ],
    [
      0.015866197645664215,
      -0.1469358652830124,
      0.07963923364877701,
      0.10348886251449585
    ],
    [
      0.04808209836483002,
      -0.07260221242904663,
      -0.14353160560131073,
      1.6519585847854614
    ],
    [
      0.0,
      0.0,
      0.0,
      1.0
    ]
  ],
  "_scale_redundant": 0.1678817762681854
}