{
  "T": [
    [
      0.0861731767654419,
      -0.00748303160071373,
      -0.003975949715822935,
      -0.001886412501335144
    ],
    [
      -0.00718633271753788,
      -0.0860651433467865,
      0.0062270332127809525,
      0.5064469575881958
    ],
    [
      -0.004490044433623552,
      -0.005867167841643095,
      -0.08627302944660187,
      1.7045035362243652
    ],
    [
      0.0,
      0.0,
      0.0,
      1.0
    ]
  ],
  "_scale_redundant": 0.0865888143645593
}