{
  "T": [
    [
      0.10043268650770187,
      0.08810467272996902,
      -0.06524143368005753,
      -0.34103652834892273
    ],
    [
      0.10751235485076904,
      -0.06184406951069832,
      0.08198785036802292,
      -0.22452586889266968
    ],
    [
      0.021446911618113518,
      -0.10255961120128632,
      -0.10548536479473114,
      1.6234040260314941
    ],
    [
      0.0,
      0.0,
      0.0,
      1.0
    ]
  ],
  "_scale_redundant": 0.1486795341054009
}