{
  "T": [
    [
      0.16278530657291412,
      -0.023957116529345512,
      0.018402596935629845,
      -0.1844312846660614
    ],
    [
      -0.03016907349228859,
      -0.13412395119667053,
      0.09226179122924805,
      0.08435864746570587
    ],
    [
      0.001557716284878552,
      -0.09406629204750061,
      -0.13623784482479095,
      1.7471647262573242
    ],
    [
      0.0,
      0.0,
      0.0,
      1.0
    ]
  ],
  "_scale_redundant": 0.16556463449392914
}