{
  "T": [
    [
      0.1777498722076416,
      -0.05343302711844444,
      -0.010887261480093002,
      1.0034427642822266
    ],
    [
      -0.053981468081474304,
      -0.17767250537872314,
      -0.009333888068795204,
      0.1642095148563385
    ],
    [
      -0.007721491623669863,
      0.01208439376205206,
      -0.1853725165128708,
      1.6521145105361938
    ],
    [
      0.0,
      0.0,
      0.0,
      1.0
    ]
  ],
  "_scale_redundant": 0.18592642033295212
}