{
  "T": [
    [
      0.10574061423540115,
      0.03799709677696228,
      -0.008459271863102913,
      -0.3634869158267975
    ],
    [
      0.03823963180184364,
      -0.09680787473917007,
      0.0431552529335022,
      0.484095960855484
    ],
    [
      0.0072848983108997345,
      -0.04336894676089287,
      -0.10374235361814499,
      1.4360188245773315
    ],
    [
      0.0,
      0.0,
      0.0,
      1.0
    ]
  ],
  "_scale_redundant": 0.11267835827581973
}