{
  "T": [
    [
      -0.19699408113956451,
      -0.1336165964603424,
      0.018986737355589867,
      -0.038369059562683105
    ],
    [
      -0.13495776057243347,
      0.19516856968402863,
      -0.026761796325445175,
      -0.3773103356361389
    ],
    [
      -0.0005435494240373373,
      -0.03280844911932945,
      -0.2365245670080185,
      1.6438108682632446
    ],
    [
      0.0,
      0.0,
      0.0,
      1.0
    ]
  ],
  "_scale_redundant": 0.2387897827942676
}