{
  "T": [
    [
      0.13678699731826782,
      0.09167179465293884,
      -0.10103476047515869,
      -0.5772817134857178
    ],
    [
      0.13574093580245972,
      -0.07714581489562988,
      0.11377760022878647,
      0.29215243458747864
    ],
    [
      0.013643496669828892,
      -0.15154939889907837,
      -0.1190338209271431,
      1.6207557916641235
    ],
    [
      0.0,
      0.0,
      0.0,
      1.0
    ]
  ],
  "_scale_redundant": 0.1931901135749756
}