{
  "T": [
    [
      0.09531661123037338,
      0.025299524888396263,
      0.011702287942171097,
      -0.11235128343105316
    ],
    [
      0.021121777594089508,
      -0.09275807440280914,
      0.02849692665040493,
      0.2008449286222458
    ],
    [
      0.018190110102295876,
      -0.024862386286258698,
      -0.0944099947810173,
      1.6277512311935425
    ],
    [
      0.0,
      0.0,
      0.0,
      1.0
    ]
  ],
  "_scale_redundant": 0.09930893889810807
}