{
  "T": [
    [
      0.19095665216445923,
      0.02892303466796875,
      -0.023321401327848434,
      0.18552832305431366
    ],
    [
      0.03315851464867592,
      -0.18775339424610138,
      0.038652971386909485,
      0.2393491417169571
    ],
    [
      -0.01676134206354618,
      -0.041916556656360626,
      -0.1892271786928177,
      1.7046242952346802
    ],
    [
      0.0,
      0.0,
      0.0,
      1.0
    ]
  ],
  "_scale_redundant": 0.1945375837788787
}