{
  "T": [
    [
      0.2109324336051941,
      -0.040487222373485565,
      0.0008646785863675177,
      0.27752354741096497
    ],
    [
      -0.039652664214372635,
      -0.20555898547172546,
      0.04801684990525246,
      0.5222163796424866
    ],
    [
      -0.008223707787692547,
      -0.04731527343392372,
      -0.20934683084487915,
      1.819379210472107
    ],
    [
      0.0,
      0.0,
      0.0,
      1.0
    ]
  ],
  "_scale_redundant": 0.21478466938476726
}