{
  "T": [
    [
      0.14139588177204132,
      -0.10579470545053482,
      0.04723548889160156,
      -0.22622057795524597
    ],
    [
      -0.11340712755918503,
      -0.1111207976937294,
      0.09059522300958633,
      -0.0049386173486709595
    ],
    [
      -0.023717764765024185,
      -0.09937887638807297,
      -0.15158432722091675,
      1.6077444553375244
    ],
    [
      0.0,
      0.0,
      0.0,
      1.0
    ]
  ],
  "_scale_redundant": 0.18280181516638905
}