{
  "T": [
    [
      0.29512035846710205,
      -0.06072135642170906,
      -0.02933064103126526,
      -0.6991705894470215
    ],
    [
      -0.04593532159924507,
      -0.27741822600364685,
      0.11212708055973053,
      0.4562157988548279
    ],
    [
      -0.04936917871236801,
      -0.10485923290252686,
      -0.2796615958213806,
      1.7980923652648926
    ],
    [
      0.0,
      0.0,
      0.0,
      1.0
    ]
  ],
  "_scale_redundant": 0.3027266018505974
}