{
  "T": [
    [
      0.21232694387435913,
      0.050665706396102905,
      -0.011716185137629509,
      0.1735619306564331
    ],
    [
      0.052002400159835815,
      -0.20669396221637726,
      0.04858364164829254,
      0.12073802202939987
    ],
    [
      0.0001823389029596001,
      -0.04997604712843895,
      -0.21281303465366364,
      1.561276912689209
    ],
    [
      0.0,
      0.0,
      0.0,
      1.0
    ]
  ],
  "_scale_redundant": 0.21860241994793414
}