{
  "T": [
    [
      0.09403293579816818,
      -0.0314432717859745,
      0.007826719433069229,
      0.374398797750473
    ],
    [
      -0.03226274624466896,
      -0.08862368762493134,
      0.03157668933272362,
      0.02803036943078041
    ],
    [
      -0.003008688800036907,
      -0.03239278867840767,
      -0.09398821741342545,
      1.6931660175323486
    ],
    [
      0.0,
      0.0,
      0.0,
      1.0
    ]
  ],
  "_scale_redundant": 0.09945918758370267
}