{
  "T": [
    [
      0.18156906962394714,
      -0.0004576454812195152,
      0.0005957511602900922,
      -0.1673162877559662
    ],
    [
      -0.0006700496887788177,
      -0.16376519203186035,
      0.07841183990240097,
      -0.13101352751255035
    ],
    [
      0.000339694059221074,
      -0.07841336727142334,
      -0.16376549005508423,
      1.734713077545166
    ],
    [
      0.0,
      0.0,
      0.0,
      1.0
    ]
  ],
  "_scale_redundant": 0.18157064962846764
}