{
  "T": [
    [
      0.16183485090732574,
      0.014392459765076637,
      -0.025672074407339096,
      -0.2231021523475647
    ],
    [
      0.02622072398662567,
      -0.13567161560058594,
      0.08923226594924927,
      0.23155736923217773
    ],
    [
      -0.013366835191845894,
      -0.09188460558652878,
      -0.13577648997306824,
      1.683351993560791
    ],
    [
      0.0,
      0.0,
      0.0,
      1.0
    ]
  ],
  "_scale_redundant": 0.16448924631456294
}