{
  "T": [
    [
      0.2535746693611145,
      -0.005290788132697344,
      0.024493135511875153,
      -0.20503497123718262
    ],
    [
      -0.014699159190058708,
      -0.2331182360649109,
      0.10182268172502518,
      0.25595152378082275
    ],
    [
      0.02029385417699814,
      -0.10274205356836319,
      -0.232293501496315,
      1.7350032329559326
    ],
    [
      0.0,
      0.0,
      0.0,
      1.0
    ]
  ],
  "_scale_redundant": 0.25480979558268596
}