{
  "T": [
    [
      0.20788870751857758,
      0.07632160931825638,
      0.00031921357731334865,
      -0.11312979459762573
    ],
    [
      0.06750462204217911,
      -0.1843014508485794,
      0.10256164520978928,
      0.2525312304496765
    ],
    [
      0.035612042993307114,
      -0.09618096798658371,
      -0.1962747722864151,
      1.5064222812652588
    ],
    [
      0.0,
      0.0,
      0.0,
      1.0
    ]
  ],
  "_scale_redundant": 0.2214560731124365
}