{
  "T": [
    [
      0.2439502626657486,
      0.04061737284064293,
      -0.07182091474533081,
      -0.20856541395187378
    ],
    [
      0.07602295279502869,
      -0.19777485728263855,
      0.14637386798858643,
      0.45742157101631165
    ],
    [
      -0.03207073733210564,
      -0.15985935926437378,
      -0.19933925569057465,
      1.7674778699874878
    ],
    [
      0.0,
      0.0,
      0.0,
      1.0
    ]
  ],
  "_scale_redundant": 0.2575261306984164
}