{
  "T": [
    [
      0.16947059333324432,
      0.08912729471921921,
      -0.048901189118623734,
      -0.16700831055641174
    ],
    [
      0.10154397040605545,
      -0.1438407301902771,
      0.0897437334060669,
      0.6614644527435303
    ],
    [
      0.004881152417510748,
      -0.10208547115325928,
      -0.169144868850708,
      1.7631185054779053
    ],
    [
      0.0,
      0.0,
      0.0,
      1.0
    ]
  ],
  "_scale_redundant": 0.19762406227235413
}