{
  "T": [
    [
      0.13576750457286835,
      -0.06434527784585953,
      0.017389697954058647,
      0.10550379753112793
    ],
    [
      -0.06566929072141647,
      -0.12237321585416794,
      0.05989890545606613,
      0.15175703167915344
    ],
    [
      -0.011413001455366611,
      -0.061319053173065186,
      -0.13778698444366455,
      1.6759291887283325
    ],
    [
      0.0,
      0.0,
      0.0,
      1.0
    ]
  ],
  "_scale_redundant": 0.15124660460922099
}