{
  "T": [
    [
      0.15370459854602814,
      0.0030842102132737637,
      -0.0064866323955357075,
      0.05912613868713379
    ],
    [
      0.00353974848985672,
      -0.15344363451004028,
      0.010918311774730682,
      0.2971228063106537
    ],
    [
      -0.006249716039747,
      -0.011055633425712585,
      -0.15334731340408325,
      1.748863935470581
    ],
    [
      0.0,
      0.0,
      0.0,
      1.0
    ]
  ],
  "_scale_redundant": 0.1538723119981557
}