{
  "T": [
    [
      0.1400676667690277,
      0.006031184457242489,
      -0.004405793268233538,
      -0.01723700761795044
    ],
    [
      0.007218503393232822,
      -0.13055935502052307,
      0.050763074308633804,
      0.3235589861869812
    ],
    [
      -0.0019181749084964395,
      -0.050917793065309525,
      -0.130684494972229,
      1.7373863458633423
    ],
    [
      0.0,
      0.0,
      0.0,
      1.0
    ]
  ],
  "_scale_redundant": 0.14026667153918349
}