{
  "T": [
    [
      0.11824574321508408,
      0.028505638241767883,
      -0.008918465115129948,
      -0.056045372039079666
    ],
    [
      0.029372602701187134,
      -0.10437232255935669,
      0.055837567895650864,
      0.4191518723964691
    ],
    [
      0.005418548826128244,
      -0.056285083293914795,
      -0.10805924236774445,
      1.8550267219543457
    ],
    [
      0.0,
      0.0,
      0.0,
      1.0
    ]
  ],
  "_scale_redundant": 0.12195969668749733
}