{
  "T": [
    [
      0.2203952968120575,
      0.014049701392650604,
      -0.02528156340122223,
      -0.07170048356056213
    ],
    [
      0.025305932387709618,
      -0.18775635957717896,
      0.1162661463022232,
      0.4920264482498169
    ],
    [
      -0.014005747623741627,
      -0.11815588176250458,
      -0.1877596229314804,
      1.748285174369812
    ],
    [
      0.0,
      0.0,
      0.0,
      1.0
    ]
  ],
  "_scale_redundant": 0.22228506122447692
}