{
  "T": [
    [
      0.09775635600090027,
      -0.0659470185637474,
      0.0024636585731059313,
      0.3498596251010895
    ],
    [
      -0.052741315215826035,
      -0.07542531192302704,
      0.07376151531934738,
      0.3610226809978485
    ],
    [
      -0.03966653347015381,
      -0.06223660707473755,
      -0.09200301766395569,
      1.7181283235549927
    ],
    [
      0.0,
      0.0,
      0.0,
      1.0
    ]
  ],
  "_scale_redundant": 0.11794653246020999
}