{
  "T": [
    [
      0.3787343204021454,
      -0.0038199801929295063,
      -0.21398480236530304,
      0.8341950178146362
    ],
    [
      0.025127844884991646,
      -0.43115025758743286,
      0.052170850336551666,
      0.192921444773674
    ],
    [
      -0.21253858506679535,
      -0.05778072774410248,
      -0.3751433789730072,
      1.5314618349075317
    ],
    [
      0.0,
      0.0,
      0.0,
      1.0
    ]
  ],
  "_scale_redundant": 0.43502158628497223
}