{
  "T": [
    [
      0.2947893440723419,
      0.07326199114322662,
      -0.09178565442562103,
      0.2026033103466034
    ],
    [
      0.10329555720090866,
      -0.2797456979751587,
      0.10846679657697678,
      0.005824625492095947
    ],
    [
      -0.055874474346637726,
      -0.13064341247081757,
      -0.28373050689697266,
      1.6192481517791748
    ],
    [
      0.0,
      0.0,
      0.0,
      1.0
    ]
  ],
  "_scale_redundant": 0.31732108626514816
}