{
  "T": [
    [
      0.17634408175945282,
      0.14094781875610352,
      -0.021143145859241486,
      0.04636162519454956
    ],
    [
      0.14071616530418396,
      -0.16683828830718994,
      0.061436936259269714,
      0.3289513885974884
    ],
    [
      0.02263357862830162,
      -0.06090359762310982,
      -0.2172304093837738,
      1.6976556777954102
    ],
    [
      0.0,
      0.0,
      0.0,
      1.0
    ]
  ],
  "_scale_redundant": 0.22673897180577768
}