{
  "T": [
    [
      0.09903110563755035,
      0.07241623848676682,
      -0.04770646244287491,
      -0.02520109713077545
    ],
    [
      0.07422555983066559,
      -0.10822924971580505,
      -0.010206521488726139,
      0.04476967081427574
    ],
    [
      -0.04483955353498459,
      -0.019222237169742584,
      -0.12225832045078278,
      1.6837029457092285
    ],
    [
      0.0,
      0.0,
      0.0,
      1.0
    ]
  ],
  "_scale_redundant": 0.13163273684608975
}