{
  "T": [
    [
      0.2128625363111496,
      0.012245599180459976,
      0.0015475082909688354,
      0.05130285024642944
    ],
    [
      0.010476961731910706,
      -0.19338901340961456,
      0.08918360620737076,
      0.2764928340911865
    ],
    [
      0.0065255495719611645,
      -0.0889580100774765,
      -0.19366642832756042,
      1.7441437244415283
    ],
    [
      0.0,
      0.0,
      0.0,
      1.0
    ]
  ],
  "_scale_redundant": 0.21322007215719238
}