{
  "T": [
    [
      0.20557178556919098,
      0.0860455110669136,
      0.014176621101796627,
      -0.07033780962228775
    ],
    [
      0.08003878593444824,
      -0.20057937502861023,
      0.05680032819509506,
      0.35572129487991333
    ],
    [
      0.03462078422307968,
      -0.04720864072442055,
      -0.21549317240715027,
      1.6297253370285034
    ],
    [
      0.0,
      0.0,
      0.0,
      1.0
    ]
  ],
  "_scale_redundant": 0.22330375248369663
}