{
  "T": [
    [
      0.18006238341331482,
      -0.04236287623643875,
      0.028075965121388435,
      -0.38753780722618103
    ],
    [
      -0.05081761255860329,
      -0.15143418312072754,
      0.09741967916488647,
      0.08176905661821365
    ],
    [
      0.0006664098473265767,
      -0.10138247907161713,
      -0.15724657475948334,
      1.7774072885513306
    ],
    [
      0.0,
      0.0,
      0.0,
      1.0
    ]
  ],
  "_scale_redundant": 0.18709712888548335
}