{
  "T": [
    [
      0.24793413281440735,
      0.07739338278770447,
      0.008661138825118542,
      0.09488913416862488
    ],
    [
      0.06910569220781326,
      -0.23197109997272491,
      0.0946037694811821,
      -0.0842282623052597
    ],
    [
      0.03590482845902443,
      -0.08795298635959625,
      -0.24189087748527527,
      1.8022606372833252
    ],
    [
      0.0,
      0.0,
      0.0,
      1.0
    ]
  ],
  "_scale_redundant": 0.2598770398249043
}