{
  "unit": "cm",
  "diameters": {
    "bottle_bbq": 15.115553106390534,
    "puzzle_toy": 9.6109813600871,
    "aria_small": 19.307138486719303,
    "mug_patterned": 13.281909578882276,
    "carton_milk": 20.629681159884647,
    "holder_gray": 15.870803986580134,
    "vase": 19.298337629296906,
    "can_parmesan": 12.249485177157197,
    "can_tomato_sauce": 10.68269320001258,
    "bowl": 28.02350727674551,
    "birdhouse_toy": 30.904468324171564,
    "carton_oj": 20.597219410635574,
    "dino_toy": 27.486551382540597,
    "mug_white": 12.149833848528848,
    "spoon_wooden": 31.0365259296457,
    "coffee_pot": 16.714036006489525,
    "holder_black": 13.336216915375765,
    "whiteboard_marker": 12.110239660516383,
    "plate_bamboo": 30.267866498790454,
    "dvd_remote": 16.661516254393717,
    "food_waffles": 14.615274826454009,
    "whiteboard_eraser": 15.555890743310579,
    "bottle_mustard": 15.132552619514698,
    "mouse": 11.103931771822424,
    "spatula_red": 33.408619684727135,
    "dumbbell_5lb": 18.1305725253465,
    "keyboard": 43.97415384319175,
    "flask": 32.32503341360981,
    "cellphone": 16.393573722946606,
    "bottle_ranch": 15.115857294380064,
    "potato_masher": 28.647449217285015,
    "food_vegetables": 11.530071069582615,
    "can_soup": 10.636109736244395
  }
}